Activity,User,Trial Number,Time,Arduino Time,accel_X,accel_Y,accel_Z,gyro_X,gyro_Y,gyro_Z,GT
,,,60770.728,1046.0059814453125,9.072387695,-2.688336134,-2.688336134,-0.048869219,-0.020769419,0.006108652,4
,,,60773.398,1048.6820068359375,9.072387695,-2.688336134,-2.688336134,-0.048869219,-0.020769419,0.006108652,4
,,,60773.399,1048.6839599609375,9.072387695,-2.688336134,-2.688336134,-0.048869219,-0.020769419,0.006108652,4
,,,60773.414,1048.6910400390625,9.072387695,-2.688336134,-2.688336134,-0.048869219,-0.020769419,0.006108652,4
,,,60773.414,1048.6920166015625,9.072387695,-2.688336134,-2.688336134,-0.048869219,-0.020769419,0.006108652,4
,,,60773.414,1048.6939697265625,9.072387695,-2.688336134,-2.688336134,-0.048869219,-0.020769419,0.006108652,4
,,,60773.428,1048.7010498046875,9.072387695,-2.688336134,-2.688336134,-0.048869219,-0.020769419,0.006108652,4
,,,60773.428,1048.7030029296875,9.072387695,-2.688336134,-2.688336134,-0.048869219,-0.020769419,0.006108652,4
,,,60773.443,1048.7249755859375,9.072387695,-2.688336134,-2.688336134,-0.048869219,-0.020769419,-0.00122173,4
,,,60773.458,1048.7349853515625,9.072387695,-2.688336134,-2.688336134,-0.048869219,-0.020769419,0.00122173,4
,,,60773.473,1048.7550048828125,9.072387695,-2.688336134,-2.688336134,-0.048869219,-0.020769419,0.00122173,4
,,,60773.488,1048.7569580078125,9.072387695,-2.688336134,-2.688336134,-0.048869219,0.00122173,0.00122173,4
,,,60773.504,1048.7850341796875,9.072387695,-2.688336134,-2.688336134,0,0.00122173,0.003665191,4
,,,60773.518,1048.7950439453125,9.072387695,-2.688336134,-2.688336134,0,0.00122173,0.002443461,4
,,,60773.578,1048.85498,9.072387695,-2.688336134,-2.565105677,0,0.00122173,-0.003665191,4
,,,60773.609,1048.875,9.072387695,-2.420340061,-2.565105677,0.008552114,0.00122173,-0.003665191,4
,,,60773.638,1048.917969,9.072387695,-2.413161516,-2.549552441,0.010995574295520782,0.00122173,-0.006108652,4
,,,60773.668,1048.9300537109375,9.145368576049805,-2.413161516,-2.553141594,0.009773844,0.002443461,-0.006108652,4
,,,60773.713,1048.989990234375,9.152546882629395,-2.407179594,-2.541177511,-0.00122173,-0.004886922,-0.007330383,4
,,,60773.744,1049.02002,9.152546882629395,-2.370090723,-2.532803059,-0.002443461,-0.004886922,-0.004886922,4
,,,60773.774,1049.0369873046875,9.125029563903809,-2.370090723,-2.536391973,-0.009773844,-0.00122173,-0.004886922,4
,,,60773.819,1049.0999755859375,9.116654396057129,-2.432304144,-2.565105677,-0.010995574,0.00122173,-0.00122173,4
,,,60773.849,1049.1300048828125,9.116654396057129,-2.360519648,-2.523231506,-0.013439035,0.00122173,-0.002443461,4
,,,60773.879,1049.1400146484375,9.139386177062988,-2.360519648,-2.512463808,-0.015882496,-0.002443461,-0.002443461,4
,,,60773.923,1049.199951171875,9.119048118591309,-2.404786825,-2.556730986,-0.002443461,-0.006108652,-0.009773844,4
,,,60773.953,1049.22998,9.119048118591309,-2.404786825,-2.593819857,-0.009773844,-0.006108652,-0.007330383,4
,,,60773.983,1049.25,9.135796546936035,-2.404786825,-2.550749063,-0.015882496,0.004886922,-0.007330383,4
,,,60774.028,1049.310059,9.102297783,-2.322234392,-2.486142874,-0.013439035,0,-0.014660765,4
,,,60774.058,1049.3399658203125,9.102297783,-2.407179594,-2.524427891,-0.008552114,0,-0.013439035,4
,,,60774.088,1049.3499755859375,9.109475135803223,-2.407179594,-2.66799736,0.030543262138962746,0,-0.013439035,4
,,,60774.134,1049.4100341796875,8.932407379,-2.761317253,-2.70149684,0.042760565876960754,0.002443461,-0.04642576,4
,,,60774.183,1049.439941,8.932407379,-2.610569477,-2.492124796,0.14538592100143433,0.002443461,-0.07696902,4
,,,60774.193,1049.459961,9.080761909484863,-2.610569477,-2.378465652,0.052534409,-0.035430182,-0.07696902,4
,,,60774.238,1049.52002,8.746962547302246,-2.799602509,-2.563909769,-0.021991149,-0.16737707,-0.221133202,4
,,,60774.269,1049.550048828125,8.746962547302246,-2.756531715,-2.590230465,0.02687807,-0.16737707,-0.315206438,4
,,,60774.298,1049.560059,8.678768157958984,-2.756531715,-3.206382275,0.11850785464048386,-0.232128784,-0.315206438,4
,,,60774.33,1049.594970703125,9.157332420349121,-2.756531715,-2.438286304,0.12095131725072861,-0.204028994,-0.315206438,4
,,,60774.373,1049.655029296875,8.708678245544434,-3.595216036,-2.77447772,0.1368338167667389,-0.432492584,-1.20218277,4
,,,60774.405,1049.685059,8.708678245544434,1.2646067142486572,-2.798406124,0.7257078886032104,-0.432492584,-1.166752577,4
,,,60774.433,1049.6949462890625,9.864411354064941,1.2646067142486572,-2.483750105,-0.201585531,-0.353080094,-1.166752577,4
,,,60774.478,1049.7550048828125,8.855836868286133,-1.387837172,-3.471985579,-0.17715092,-0.445931613,-0.700051546,4
,,,60774.508,1049.7850341796875,8.855836868286133,-0.50368917,-4.039084911,0.008552114,-0.445931613,-0.706160188,4
,,,60774.538,1049.8050537109375,9.609575271606445,-0.50368917,-3.668196917,0.008552114,-0.194255143,-0.706160188,4
,,,60774.599,1049.864990234375,8.920443534851074,-0.179461718,-4.418346882,-0.103847094,0.02687807,-0.320093393,4
,,,60774.628,1049.905029296875,8.920443534851074,0.4749753177165985,-4.073780537,0.27488934993743896,0.02687807,-0.13072516,4
,,,60774.658,1049.925048828125,9.334401131,0.4749753177165985,-3.918247223,0.37262779474258423,0.46670106053352356,-0.13072516,4
,,,60774.703,1049.9849853515625,9.388238906860352,0.10049854964017868,-3.305684566,0.513126791,0.6487389206886292,0.3237585723400116,4
,,,60774.733,1050.0150146484375,9.388238906860352,0.20338992774486542,-2.797209501,0.6145303845405579,0.6487389206886292,0.4813618063926697,4
,,,60774.763,1050.0250244140625,9.361919403076172,0.20338992774486542,-2.163111925,0.6633996367454529,0.6670648455619812,0.4813618063926697,4
,,,60774.824,1050.084961,9.299705505371094,-0.592223585,-2.023131609,0.7049384713172913,0.6035348773002625,0.7367035150527954,4
,,,60774.854,1050.114990234375,9.299705505371094,-0.662811816,-1.764706612,0.5827654600143433,0.6035348773002625,0.7929030656814575,4
,,,60774.869,1050.146973,9.452845573425293,-0.662811816,-1.802991986,0.5827654600143433,0.5607742667198181,0.7147123217582703,4
,,,60774.898,1050.177001953125,9.452845573425293,-2.548356295,-2.117647886,0.5363396406173706,0.5607742667198181,0.5143485069274902,4
,,,60774.943,1050.1929931640625,9.714859962463379,-2.548356295,-1.447657585,0.5693264007568359,0.6963863372802734,0.5143485069274902,4
,,,60774.958,1050.239013671875,10.473384857177734,-3.89192605,-0.593420029,0.5693264007568359,0.6963863372802734,0.2174680233001709,4
,,,60774.988,1050.250977,15.113067626953125,-3.89192605,13.007383346557617,1.5784757137298584,1.0494663715362549,0.2174680233001709,4
,,,60775.033,1050.310059,12.138789176940918,-7.360322475,-2.305484533,3.6529741287231445,0.7660250067710876,-1.092227101,4
,,,60775.063,1050.3399658203125,12.138789176940918,-4.919643402,-3.944568157,3.2925636768341064,0.7660250067710876,-1.232726097,4
,,,60775.093,1050.3570556640625,16.514066696166992,-4.919643402,1.2801601886749268,2.7928757667541504,1.5528194904327393,-1.232726097,4
,,,60775.138,1050.4200439453125,19.889142990112305,-19.46082687,-2.738585472,4.442212104797363,1.605353832244873,-3.472157955,4
,,,60775.169,1050.449951171875,19.889142990112305,4.662415027618408,-26.45624352,14.052343368530273,1.605353832244873,-7.899708748,4
,,,60775.199,1050.459961,16.881362915039062,4.662415027618408,-23.4795723,7.578393936157227,1.370781660079956,-7.899708748,4
,,,60775.288,1050.552001953125,4.156332969665527,-8.843873024,-6.476174355,1.2021827697753906,3.4941492080688477,-7.53441143,4
,,,60775.334,1050.6099853515625,-1.050449252,-7.720442295,-1.65463686,3.489262104034424,4.098905563354492,-6.019465923,4
,,,60775.364,1050.6400146484375,-1.050449252,-8.681159973,-3.665804386,3.9816195964813232,4.098905563354492,-4.607145309,4
,,,60775.395,1050.656982421875,-3.298506021,-8.681159973,-4.405186653,1.9889771938323975,6.245486259460449,-4.607145309,4
,,,60775.442,1050.717041015625,-1.947757602,-8.766105652,-5.703292847,0.48869219422340393,7.817852973937988,0.41294488310813904,4
,,,60775.468,1050.7469482421875,-1.947757602,-6.736992359,-8.155936241,1.8973474502563477,7.817852973937988,1.9950858354568481,4
,,,60775.513,1050.762939453125,0.9882357716560364,-6.736992359,-8.450253487,2.224771261,7.855727195739746,1.9950858354568481,4
,,,60775.528,1050.8089599609375,9.732806205749512,-5.168496609,-5.431707382,2.224771261,7.855727195739746,4.367686748504639,4
,,,60775.558,1050.821044921875,11.635100364685059,-5.168496609,-9.970891953,4.707327842712402,6.7402873039245605,4.367686748504639,4
,,,60775.618,1050.884033203125,20.36292076,-10.42552853,-23.54776955,9.385333061218262,5.260771275,4.789183616638184,4
,,,60775.678,1050.958008,20.08774757385254,13.458431243896484,-30.78246689,11.08964729309082,2.696359157562256,1.6126842498779297,4
,,,60775.708,1050.987060546875,20.08774757385254,7.913064479827881,-14.34856033,2.609616279602051,2.696359157562256,1.1630873680114746,4
,,,60775.738,1051.000977,14.699109077453613,7.913064479827881,-7.219145775,2.0952677726745605,-0.394618928,1.1630873680114746,4
,,,60775.783,1051.060059,8.878568649291992,-6.413960934,0.7369893789291382,0.032986723,-0.444709897,-0.245567828,4
,,,60775.813,1051.0909423828125,8.878568649291992,-0.553938389,1.246660590171814,3.1618382930755615,-0.444709897,-0.579100192,4
,,,60775.843,1051.1099853515625,10.463813781738281,-0.553938389,1.4165509939193726,4.4006733894348145,-0.742812157,-0.579100192,4
,,,60775.918,1051.1700439453125,7.865208148956299,-4.357329845,0.18305093050003052,5.380500793457031,-0.761138082,-0.77824229,4
,,,60775.963,1051.240966796875,6.643671989440918,-4.029513359,-11.34915733,6.637661457061768,-1.095892191,-1.082453251,4
,,,60775.993,1051.270996,6.643671989440918,-3.535395622,-15.01735497,2.4385740756988525,-1.095892191,-0.740368664,4
,,,60776.023,1051.2869873046875,5.2151570320129395,-3.535395622,-12.96909904,1.204626202583313,-1.034805655,-0.740368664,4
,,,60776.068,1051.3470458984375,17.247467041015625,2.4681966304779053,10.929216384887695,1.4966198205947876,-0.50335294,-1.745852828,4
,,,60776.098,1051.376953,17.247467041015625,1.895115613937378,-7.536195278,3.163059949874878,-0.50335294,-1.976759911,4
,,,60776.128,1051.3900146484375,8.786445617675781,1.895115613937378,-5.408975601,0.7611380815505981,-0.266337246,-1.976759911,4
,,,60776.188,1051.4530029296875,9.410971641540527,0.021535404,-3.943371773,0.7489207983016968,0.098960169,-0.540004909,4
,,,60776.218,1051.4859619140625,10.083355903625488,0.021535404,-3.503092289,0.9957103133201599,0.4153883755207062,-0.540004909,4
,,,60776.263,1051.5460205078125,8.764908790588379,-2.254039049,-3.552145243,0.7941248416900635,0.6181955933570862,0.30543261766433716,4
,,,60776.294,1051.572021484375,8.764908790588379,-3.139383316,-5.330012798,3.4819319248199463,0.6181955933570862,-0.056199599,4
,,,60776.323,1051.584961,8.524430274963379,-3.139383316,-4.96750021,4.412890434265137,0.45326200127601624,-0.056199599,4
,,,60776.368,1051.64502,7.6606221199035645,-4.960321426,-3.851248264,6.592457294464111,-0.310319543,-0.90408057,4
,,,60776.398,1051.675048828125,7.6606221199035645,-1.307677627,-5.199604034,9.029809951782227,-0.310319543,-1.375668406,4
,,,60776.428,1051.6920166015625,10.197013854980469,-1.307677627,-2.219342947,6.780603885650635,-0.516791999,-1.375668406,4
,,,60776.489,1051.758056640625,9.139386177062988,3.1250264644622803,-0.981057286,3.673743486404419,0.21502456068992615,-0.26145032,4
,,,60776.533,1051.810059,9.355936050415039,-1.282552838,-6.329016209,-0.452040285,0.7611380815505981,-0.080634207,4
,,,60776.563,1051.8409423828125,9.355936050415039,0.10648060590028763,-1.276570797,0.49357908964157104,0.7611380815505981,-0.713490605,4
,,,60776.593,1051.85498,10.362117767333984,0.10648060590028763,0.5120640397071838,0.1722639948129654,0.6609562039375305,-0.713490605,4
,,,60776.654,1051.915039,13.531413078308105,-6.25842762,2.124826431274414,0.9834930300712585,0.6181955933570862,-1.776396155,4
,,,60776.713,1051.991943359375,13.531413078308105,-7.861618519,3.0484561920166016,2.3164007663726807,0.6181955933570862,-2.607172966,4
,,,60776.743,1052.0059814453125,25.245473861694336,-7.861618519,1.3028919696807861,5.505117893218994,1.508837103843689,-2.607172966,4
,,,60776.788,1052.0679931640625,20.370100021362305,10.205389022827148,-31.86043358,10.378600120544434,1.9449949264526367,-8.973609924,4
,,,60776.848,1052.1280517578125,16.772489547729492,4.091726779937744,-14.04826164,4.405560017,3.0298914909362793,-9.293704033,4
,,,60776.894,1052.1729736328125,16.772489547729492,-6.721438885,-11.84566784,-0.219911486,3.0298914909362793,-8.676729202,4
,,,60776.924,1052.185059,-0.557527721,-6.721438885,-9.318847656,2.3909265995025635,4.475198745727539,-8.676729202,4
,,,60776.998,1052.260009765625,-0.218943268,-10.19940758,-5.429314613,2.7574455738067627,5.315749168395996,-7.519751072,4
,,,60777.059,1052.321044921875,-3.014956474,-12.87338543,0.413958341,-1.324355841,8.114733695983887,1.9327776432037354,4
,,,60777.118,1052.3800048828125,10.919646263122559,-3.05324173,1.294516921043396,-0.178372651,8.131837844848633,6.439741134643555,4
,,,60777.135,1052.4100341796875,10.919646263122559,-1.873580217,-4.644468784,2.322509527206421,8.131837844848633,6.945537567138672,4
,,,60777.163,1052.438965,10.919646263122559,-6.679564953,-11.75833035,4.001167297363281,8.131837844848633,6.840468883514404,4
,,,60777.223,1052.4930419921875,25.324440002441406,-1.284945846,-27.73640251,9.793391227722168,3.7959165573120117,3.8008034229278564,4
,,,60777.268,1052.5450439453125,16.622940063476562,6.575477123260498,-27.26023293,9.749408721923828,1.4062117338180542,2.6401593685150146,4
,,,60777.334,1052.6080322265625,11.521440505981445,4.6755757331848145,-10.07856941,2.244318962097168,-0.647517145,1.2803735733032227,4
,,,60777.358,1052.636962890625,11.521440505981445,-0.831505835,-3.975674868,4.196643829345703,-0.647517145,-0.624304235,4
,,,60777.388,1052.6500244140625,6.254838466644287,-0.831505835,-0.528813779,4.910134792327881,-1.876577973,-0.624304235,4
,,,60777.435,1052.709961,11.702098846435547,-7.058826447,2.1068804264068604,4.0830230712890625,-0.278554529,-0.351858377,4
,,,60777.463,1052.739990234375,11.702098846435547,3.9254257678985596,-6.752545357,1.0995573997497559,-0.278554529,-0.388510287,4
,,,60777.495,1052.760009765625,9.897911071777344,3.9254257678985596,-10.43031406,-0.715934098,-0.120951317,-0.388510287,4
,,,60777.538,1052.8199462890625,8.858229637145996,-3.60478735,-1.636690617,-0.386066824,0.12461651116609573,-0.020769419,4
,,,60777.568,1052.8499755859375,8.858229637145996,-2.048256159,-3.335594893,0.3481931686401367,0.12461651116609573,-0.395840675,4
,,,60777.599,1052.8599853515625,8.551948547363281,-2.048256159,-3.688536167,-0.003665191,0.024434609338641167,-0.395840675,4
,,,60777.628,1052.905029296875,8.551948547363281,-3.126222849,-2.773281336,0.054977871,0.024434609338641167,-0.824668109,4
,,,60777.658,1052.9219970703125,8.636893272399902,-3.126222849,-2.465803623,0.22968533635139465,-0.305432618,-0.824668109,4
,,,60777.703,1052.9820556640625,9.339187622070312,1.1294121742248535,-1.996810436,0.21868975460529327,-0.368962616,-0.945619404,4
,,,60777.748,1053.0279541015625,9.339187622070312,-2.161915302,-4.346562386,-0.045204028,-0.368962616,-0.875980794,4
,,,60777.779,1053.040039,9.428917885,-2.161915302,-3.970889091,-0.117286123,-0.256563395,-0.875980794,4
,,,60777.844,1053.102051,9.940981865,1.0265209674835205,-5.017748833,0.18081611394882202,0.063529983,-0.259006858,4
,,,60777.898,1053.1810302734375,9.994820594787598,1.3591231107711792,-4.582255363,0.5021312236785889,0.8833111524581909,0.6902776956558228,4
,,,60777.928,1053.1910400390625,9.247062683105469,1.3591231107711792,-1.19880414,0.6328563690185547,1.2107348442077637,0.6902776956558228,4
,,,60777.974,1053.25,8.226524353027344,-3.785445213,-1.249053478,1.4636330604553223,0.627969503,1.4330898523330688,4
,,,60778.004,1053.280029296875,8.226524353027344,-12.04427338,-2.057827473,3.8203511238098145,0.627969503,1.0800098180770874,4
,,,60778.034,1053.2969970703125,9.09990406,-12.04427338,-4.33340168,5.699372768,-0.583987176,1.0800098180770874,4
,,,60778.078,1053.3570556640625,8.289934158325195,-4.011567116,0.4618147611618042,4.3285908699035645,-0.230907053,0.3946189284324646,4
,,,60778.109,1053.386962890625,8.289934158325195,-6.302694798,-1.064806104,4.791626930236816,-0.230907053,0.10873401165008545,4
,,,60778.138,1053.4000244140625,8.988638877868652,-6.302694798,-1.410568953,5.242445468902588,-0.50335294,0.10873401165008545,4
,,,60778.198,1053.459961,3.4959139823913574,-10.59183025,-1.311266899,5.368283748626709,-0.179594383,-0.323758572,4
,,,60778.243,1053.52002,13.325630187988281,-13.85085487,13.856836318969727,2.0586156845092773,1.0812314748764038,-1.938886285,4
,,,60778.303,1053.5799560546875,20.788843154907227,-19.27179337,1.195214867591858,5.218010902404785,0.9101892113685608,-4.365242958,4
,,,60778.334,1053.6099853515625,20.788843154907227,-16.51885223,-7.223931789,10.965031623840332,0.9101892113685608,-6.828251362,4
,,,60778.364,1053.6300048828125,26.402406692504883,-16.51885223,-28.7509613,13.040750503540039,0.45814892649650574,-6.828251362,4
,,,60778.408,1053.689941,26.47777748,6.557530403137207,-6.664010525,3.6444218158721924,2.300518513,-8.872206688,4
,,,60778.438,1053.719970703125,26.47777748,-10.97348404,-4.981856823,0.9004153609275818,2.300518513,-8.505687714,4
,,,60778.469,1053.72998,-0.253639191,-10.97348404,-9.02692318,1.1239920854568481,5.1019463539123535,-8.505687714,4
,,,60778.513,1053.790039,1.9609181880950928,-7.764709949,-7.326822758,3.7177257537841797,5.222898006439209,-7.27540493,4
,,,60778.543,1053.8199462890625,1.9609181880950928,-7.880761623,-8.271987915,0.97005403,5.222898006439209,-6.174625874,4
,,,60778.574,1053.8399658203125,-0.251246393,-7.880761623,-9.768698692,-3.071430445,7.938804626464844,-6.174625874,4
,,,60778.619,1053.9000244140625,-5.295316219,-14.76730537,-9.518648148,-3.644421816,8.352972030639648,0.7012733221054077,4
,,,60778.693,1053.9549560546875,2.861815929412842,-0.332602352,-4.534399033,-0.598647952,8.216137886047363,4.355469226837158,4
,,,60778.708,1053.987060546875,2.861815929412842,-5.071588039,-1.068395257,-0.598647952,7.831292629241943,6.017022609710693,4
,,,60778.738,1054.0169677734375,2.861815929412842,-3.073580503,-5.831308365,1.6200146675109863,7.831292629241943,6.488610268,4
,,,60778.783,1054.031005859375,19.843679428100586,-3.073580503,-9.602397919,6.0793304443359375,5.285205841064453,6.488610268,4
,,,60778.828,1054.10498,21.609580993652344,6.778866767883301,-20.27318954,8.734151840209961,4.256508827209473,3.5796701908111572,4
,,,60778.862,1054.135009765625,21.609580993652344,2.7421746253967285,-22.32144737,8.016995429992676,4.256508827209473,2.685363531112671,4
,,,60778.888,1054.1519775390625,16.252052307128906,2.7421746253967285,-19.91546249,7.071375846862793,0.9529497623443604,2.685363531112671,4
,,,60778.933,1054.2120361328125,14.044672012329102,4.0247273445129395,-8.557930946,4.740314483642578,0.41661006212234497,0.797789991,4
,,,60778.963,1054.241943359375,14.044672012329102,12.350553512573242,-9.969696045,3.6334264278411865,0.41661006212234497,-0.483805269,4
,,,60778.994,1054.258056640625,6.023931026,12.350553512573242,3.5461630821228027,2.5424211025238037,0.2272418737411499,-0.483805269,4
,,,60779.025,1054.302978515625,6.023931026,2.2983062267303467,-3.805784464,3.4245104789733887,0.2272418737411499,-0.343306273,4
,,,60779.055,1054.314941,6.498906135559082,2.2983062267303467,-7.871190071,2.6389377117156982,-0.10751228,-0.343306273,4
,,,60779.098,1054.375977,8.048259735107422,-3.683750391,-9.597611427,1.359786033630371,-0.089186326,0.47280970215797424,4
,,,60779.128,1054.405029296875,8.048259735107422,-5.870790005,3.0664024353027344,0.6743952035903931,-0.089186326,0.1368338167667389,4
,,,60779.158,1054.4219970703125,10.72582721710205,-5.870790005,2.3700907230377197,2.4324653148651123,-0.697608113,0.1368338167667389,4
,,,60779.203,1054.4820556640625,10.400403022766113,3.9397823810577393,-5.139783382,2.1429152488708496,-0.467922747,-1.092227101,4
,,,60779.233,1054.511962890625,10.400403022766113,0.22372892498970032,-4.274777889,-0.155159771,-0.467922747,-0.60597831,4
,,,60779.263,1054.5260009765625,9.275777816772461,0.22372892498970032,-2.429911375,-0.068416908,-0.036651913,-0.60597831,4
,,,60779.308,1054.584961,9.493523597717285,0.017946170642971992,-3.530609846,0.18570303916931152,-0.087964594,-0.349414915,4
,,,60779.339,1054.616943359375,9.493523597717285,-0.758524776,-3.366701603,0.034208454,-0.087964594,-0.351858377,4
,,,60779.37,1054.634033203125,9.084351539611816,-0.758524776,-3.036492109,0.4752531349658966,0.006108652,-0.351858377,4
,,,60779.414,1054.6920166015625,10.476973533630371,1.3435698747634888,-3.873980045,0.5546656250953674,0.3042108714580536,-0.469144493,4
,,,60779.443,1054.7220458984375,10.476973533630371,0.7046862840652466,-2.697907686,0.3530800938606262,0.3042108714580536,-0.283441454,4
,,,60779.473,1054.7349853515625,10.408778190612793,0.7046862840652466,-1.756331921,0.48258352279663086,0.5167919993400574,-0.283441454,4
,,,60779.518,1054.7950439453125,11.586047172546387,-1.345962763,0.33858442306518555,1.0995573997497559,0.5021312236785889,-0.774577081,4
,,,60779.548,1054.824951171875,11.586047172546387,-0.727418065,-0.196211457,1.9645426273345947,0.5021312236785889,-1.111774802,4
,,,60779.579,1054.842041015625,10.212566375732422,-0.727418065,-2.976671457,2.4471261501312256,0.5510004162788391,-1.111774802,4
,,,60779.668,1054.9520263671875,14.855839729309082,0.9906285405158997,2.1200411319732666,2.2992966175079346,1.0372490882873535,-1.815491438,4
,,,60779.698,1054.9820556640625,14.855839729309082,-16.33101463,8.196614265441895,4.4764204025268555,1.0372490882873535,-3.606548309,4
,,,60779.728,1054.991943359375,22.438695907592773,-16.33101463,0.46779680252075195,8.574104309082031,1.6884315013885498,-3.606548309,4
,,,60779.773,1055.051025390625,15.822540283203125,14.823535919189453,-27.66222572,11.776259422302246,2.155132532119751,-8.695055962,4
,,,60779.803,1055.0799560546875,15.822540283203125,30.856643676757812,-26.48615265,2.387261152267456,2.155132532119751,-9.06768322,4
,,,60779.848,1055.0999755859375,23.921049118041992,30.856643676757812,-11.79541874,-1.491732955,3.252246618270874,-9.06768322,4
,,,60779.908,1055.185059,12.614960670471191,-10.50568771,-9.771091461,0.10384709388017654,4.239404678344727,-10.02674198,4
,,,60779.938,1055.2149658203125,12.614960670471191,-16.66122437,-2.919243574,-0.376292974,4.239404678344727,-8.178263664,4
,,,60779.968,1055.2359619140625,8.400003433227539,-16.66122437,-7.548159122,-3.872885466,7.004180431365967,-8.178263664,4
,,,60780.028,1055.292969,-2.224128723,-20.57349014,-11.24866009,-2.309070587,8.492247581481934,0.2871066629886627,4
,,,60780.088,1055.352051,4.043870449066162,-5.485546112,-5.63150835,0.095294975,7.4611077308654785,3.3573155403137207,4
,,,60780.133,1055.4119873046875,14.44905948638916,-4.079762459,-0.384048045,-2.098932743,5.878966808319092,7.378030300140381,4
,,,60780.163,1055.4420166015625,14.44905948638916,0.32183465361595154,-6.052645206,4.134335994720459,5.878966808319092,6.693861484527588,4
,,,60780.193,1055.4549560546875,23.50349998474121,0.32183465361595154,-17.04886055,8.227132797241211,3.8936550617218018,6.693861484527588,4
,,,60780.253,1055.5150146484375,18.37687873840332,13.049259185791016,-21.76990318,7.534411430358887,3.729943037033081,3.1166346073150635,4
,,,60780.298,1055.5760498046875,16.272390365600586,-0.314656168,-18.41635895,5.748241901397705,0.4691444933414459,2.289522886276245,4
,,,60780.328,1055.605957,16.272390365600586,7.189235687255859,-18.52403641,5.694485664367676,0.4691444933414459,1.027475357055664,4
,,,60780.358,1055.625977,7.286144733428955,7.189235687255859,-7.672585487,1.480737328529358,-0.237015709,1.027475357055664,4
,,,60780.403,1055.686035,12.417553901672363,-4.563112736,-1.013360381,1.7116444110870361,-0.460592389,1.783726453781128,4
,,,60780.433,1055.7159423828125,12.417553901672363,2.394019127,3.902693510055542,3.5918874740600586,-0.460592389,-0.538783133,4
,,,60780.463,1055.7259521484375,13.037294387817383,2.394019127,-1.868794441,2.9834659099578857,-0.646295428,-0.538783133,4
,,,60780.508,1055.7860107421875,8.257631301879883,-2.842673302,-4.399204731,0.090408057,0.058643062,0.3176499307155609,4
,,,60780.538,1055.8160400390625,8.257631301879883,-5.554937363,-2.038684845,1.224173903465271,0.058643062,-0.05009095,4
,,,60780.568,1055.832031,9.000602722167969,-5.554937363,-0.775274515,1.938886284828186,-0.44715336,-0.05009095,4
,,,60780.614,1055.8680419921875,9.658628463745117,-0.701097131,-0.775274515,1.5198326110839844,-0.411723167,-0.273667634,4
,,,60780.673,1055.9530029296875,9.658628463745117,-0.969093144,-1.369891047,0.4801400899887085,-0.237015709,-0.278554529,4
,,,60780.703,1055.9649658203125,10.143176078796387,-0.969093144,-3.410968542,0.4691444933414459,-0.155159771,-0.278554529,4
,,,60780.748,1056.0250244140625,9.436095237731934,-2.080559254,-2.330609322,0.7513642311096191,-0.238237441,-0.179594383,4
,,,60780.779,1056.0550537109375,9.436095237731934,-1.914258003,-1.792224169,0.7037167549133301,-0.238237441,-0.304210871,4
,,,60780.808,1056.072021484375,8.697910309,-1.914258003,-1.136590838,0.5082398653030396,-0.166155353,-0.304210871,4
,,,60780.853,1056.1319580078125,9.169296264648438,-2.059023857,-1.470389485,0.37751471996307373,-0.10751228,-0.379958153,4
,,,60780.918,1056.177978515625,9.169296264648438,-4.488935471,0.1375872939825058,0.19425514340400696,-0.10751228,-0.287106663,4
,,,60780.928,1056.207031,12.746565818786621,-4.488935471,-4.079762459,0.19425514340400696,0.006108652,-0.522900641,4
,,,60780.959,1056.237060546875,12.746565818786621,-2.103291035,-2.165504694,-0.76480329,0.006108652,0.05009095,4
,,,60781.003,1056.250977,9.135796546936035,-2.103291035,-1.965703726,-0.485027015,0.075747289,0.05009095,4
,,,60781.018,1056.301025390625,9.488738059997559,-1.014556766,-1.965703726,-0.141720727,0.075747289,-0.068416908,4
,,,60781.048,1056.311035,9.110672950744629,-1.014556766,-2.879761934,-0.26145032,0.014660765416920185,-0.068416908,4
,,,60781.078,1056.3409423828125,9.218349457,-1.014556766,-2.139183283,-0.218689755,0.041538838,-0.068416908,4
,,,60781.124,1056.4000244140625,9.611968994140625,-0.58265233,-2.142772675,-0.081855945,-0.00122173,-0.134390354,4
,,,60781.154,1056.4300537109375,9.611968994140625,-1.032503009,-2.556730986,0.002443461,-0.00122173,-0.089186326,4
,,,60781.183,1056.447021484375,9.560523033,-1.032503009,-2.222932339,-0.135612071,-0.010995574,-0.089186326,4
,,,60781.231,1056.5069580078125,9.044870376586914,-1.0636096,-2.657229424,-0.219911486,-0.009773844,-0.02687807,4
,,,60781.258,1056.5369873046875,9.044870376586914,-0.990628541,-2.537588358,-0.127059966,-0.009773844,-0.043982297,4
,,,60781.288,1056.550048828125,9.148958206176758,-0.990628541,-2.817548513,-0.222354949,-0.032986723,-0.043982297,4
,,,60781.333,1056.6099853515625,9.347561836242676,-0.851844847,-2.189432859,-0.428827405,0.028099799528717995,0.008552114,4
,,,60781.363,1056.6400146484375,9.347561836242676,-0.87816596,-1.886740565,-0.362853944,0.028099799528717995,-0.025656339,4
,,,60781.393,1056.656982421875,9.440881729125977,-0.87816596,-2.203789473,-0.235793978,-0.02687807,-0.025656339,4
,,,60781.453,1056.719970703125,9.483952522277832,-0.476171702,-1.805384755,-0.217468023,0.008552114,-0.041538838,4
,,,60781.499,1056.7760009765625,9.352347373962402,-0.600598454,-2.419143915,-0.042760566,-0.021991149,-0.061086524,4
,,,60781.543,1056.8199462890625,9.352347373962402,-0.63888365,-2.711068153,-0.024434609,-0.021991149,-0.052534409,4
,,,60781.573,1056.8370361328125,9.523433685302734,-0.63888365,-2.475374937,-0.05375614,-0.008552114,-0.052534409,4
,,,60781.603,1056.8800048828125,9.523433685302734,-0.540777981,-2.299502611,-0.05375614,-0.008552114,-0.059864793,4
,,,60781.633,1056.896973,9.408578872680664,-0.540777981,-2.421536684,-0.0280998,-0.0280998,-0.059864793,4
,,,60781.678,1056.957031,9.450452805,-0.344566464,-2.39760828,-0.018325957,-0.02321288,-0.056199599,4
,,,60781.709,1056.987060546875,9.450452805,-0.251246393,-2.366501808,-0.075747289,-0.02321288,-0.043982297,4
,,,60781.74,1057.000977,9.829714775,-0.251246393,-2.347358942,-0.250454754,0.020769419,-0.043982297,4
,,,60781.768,1057.0369873046875,9.602397918701172,-0.251246393,-2.611765862,-0.362853944,0.02687807,-0.043982297,4
,,,60781.813,1057.0970458984375,9.806982994,-0.31226337,-2.528017282,-0.34452799,0.025656338781118393,-0.098960169,4
,,,60781.844,1057.126953,9.806982994,-0.13639088,-2.230110884,-0.460592389,0.025656338781118393,-0.109955743,4
,,,60781.874,1057.136962890625,9.501898765563965,-0.13639088,-2.249253273,-0.492357403,0.07696902,-0.109955743,4
,,,60781.937,1057.197021484375,9.180064201,-0.200997099,-2.596212387,-0.163711891,0.007330383,-0.235793978,4
,,,60781.963,1057.241943359375,9.180064201,0.413958341,-2.59740901,-0.207694188,0.007330383,-0.238237441,4
,,,60782.008,1057.2550048828125,8.938389778137207,0.413958341,-2.465803623,-0.324980319,0.007330383,-0.238237441,4
,,,60782.083,1057.3609619140625,8.939584732055664,-0.803988397,-2.700300217,0.098960169,-0.065973446,-0.978606105,4
,,,60782.113,1057.376953,10.439886093139648,-0.803988397,-2.504088879,0.007330383,-0.245567828,-0.978606105,4
,,,60782.145,1057.4200439453125,11.876775741577148,0.051445689,-2.504088879,-0.243124366,-0.245567828,-1.439198494,4
,,,60782.173,1057.437012,12.40439224243164,0.051445689,-2.770888567,-0.375071257,-0.285884917,-1.439198494,4
,,,60782.219,1057.4969482421875,11.160124778747559,0.072981089,-3.548555851,-0.50335294,-0.293215305,-1.538158655,4
,,,60782.249,1057.5269775390625,11.160124778747559,-4.310669899,-1.228714347,-0.878424168,-0.293215305,-0.695164621,4
,,,60782.278,1057.540039,7.704888820648193,-4.310669899,-1.343569875,-0.371406078,-0.047647487,-0.695164621,4
,,,60782.323,1057.5999755859375,7.389036178588867,-4.005585194,-1.12821579,0.073303826,0.030543262138962746,1.0592403411865234,4
,,,60782.353,1057.6300048828125,7.389036178588867,-3.464807272,-1.618744493,0.49724429845809937,0.030543262138962746,1.7421876192092896,4
,,,60782.383,1057.646973,8.943174362182617,-3.464807272,-2.111665964,0.6536257863044739,0.2590068578720093,1.7421876192092896,4
,,,60782.429,1057.707031,9.978071212768555,-1.962114573,-2.707478762,0.7110471129417419,0.3347541391849518,3.059213161468506,4
,,,60782.458,1057.737060546875,9.978071212768555,-0.890129983,-3.065205812,0.8014551997184753,0.3347541391849518,3.2424726486206055,4
,,,60782.489,1057.750977,11.058429718017578,-0.890129983,-2.964707375,0.6572909951210022,0.33597588539123535,3.2424726486206055,4
,,,60782.533,1057.810059,11.127821922302246,0.14356936514377594,-2.005185366,0.058643062,0.5351179242134094,3.623652696609497,4
,,,60782.563,1057.8399658203125,11.127821922302246,1.0827523469924927,-2.370090723,-0.250454754,0.5351179242134094,3.679852009,4